event_id,blob_id,time_idx,date,type,n_cells,area_km2,centroid_lat,centroid_lon,min_lat,max_lat,min_lon,max_lon,mean_anomaly_mm,max_magnitude_mm,total_anomaly_mm
EVT-2020-001,B00013,0,2020-06-30,wet,1209,911439.6165678375,13.222905002393425,89.74633038294073,8.75,17.5,79.75,98.0,98.02606964111328,216.48231506347656,118513.515625
EVT-2020-002,B00015,0,2020-06-30,wet,627,480774.5632723331,8.312940292454957,72.898325217212,6.0,12.25,68.0,78.5,83.12975311279297,181.1507568359375,52122.35546875
EVT-2020-003,B00018,0,2020-06-30,dry,263,165170.06055346783,35.68430723705777,85.32947071316076,34.0,37.0,75.25,91.25,-18.47834014892578,-36.972679138183594,-4859.80322265625
EVT-2020-004,B00012,0,2020-06-30,wet,187,139155.45839983755,16.082194750166433,70.76839556798217,14.25,18.25,68.0,73.0,164.21929931640625,333.8846740722656,30709.009765625
EVT-2020-005,B00006,0,2020-06-30,wet,161,113943.16038094519,23.998307647092712,85.95175293497675,21.75,26.0,82.5,88.75,115.7614517211914,230.30032348632812,18637.59375
EVT-2020-006,B00001,0,2020-06-30,wet,164,106070.6379813076,32.89746076939528,93.99170963399379,30.25,36.25,90.0,98.0,29.982662200927734,58.44609069824219,4917.15673828125
EVT-2020-007,B00005,0,2020-06-30,wet,131,90961.47624697635,26.553843949941268,82.35903699325979,24.25,29.0,80.5,84.25,118.0567626953125,367.0746154785156,15465.435546875
EVT-2020-008,B00010,0,2020-06-30,wet,99,72718.8254424682,18.623676346047578,74.74478451291095,16.25,20.75,73.75,76.5,76.17422485351562,122.59690856933594,7541.248046875
EVT-2020-009,B00024,0,2020-06-30,dry,68,45562.10711194586,30.02299794587611,79.84114682200541,29.25,31.0,78.0,82.25,-77.87751007080078,-161.62744140625,-5295.6708984375
EVT-2020-010,B00014,0,2020-06-30,wet,48,36390.47262522758,11.875953066700216,69.70345247309598,10.5,13.5,69.0,70.5,124.54630279541016,174.08407592773438,5978.22265625
EVT-2020-011,B00025,0,2020-06-30,dry,49,32952.819916100256,29.672721093180407,97.3042734177982,28.0,30.75,94.75,98.0,-55.221839904785156,-85.81495666503906,-2705.8701171875
EVT-2020-012,B00009,0,2020-06-30,wet,40,29091.053605703844,20.210694457261745,76.05158990214797,18.75,21.5,75.25,77.0,90.82400512695312,133.29647827148438,3632.960205078125
EVT-2020-013,B00028,0,2020-06-30,dry,38,27772.964465151377,19.230311945246875,96.28979861346495,18.25,20.75,95.75,97.5,-59.1427001953125,-102.05511474609375,-2247.422607421875
EVT-2020-014,B00011,0,2020-06-30,wet,33,24202.28379670036,18.808429722971404,83.42145041698231,17.5,19.75,82.5,84.25,83.88085174560547,121.40336608886719,2768.068115234375
EVT-2020-015,B00007,0,2020-06-30,wet,34,24029.61752942473,24.100968359332885,79.56403168402517,23.25,25.0,78.5,80.25,65.6754379272461,83.9484634399414,2232.96484375
EVT-2020-016,B00016,0,2020-06-30,wet,29,22139.448177814647,9.693296182378909,83.25055186393284,8.5,10.5,82.0,84.0,43.987693786621094,51.591712951660156,1275.64306640625
EVT-2020-017,B00027,0,2020-06-30,dry,29,20054.86393660098,26.80811816940347,94.70064113929148,26.0,27.5,94.0,95.75,-102.76996612548828,-157.86444091796875,-2980.3291015625
EVT-2020-018,B00026,0,2020-06-30,dry,24,16335.549495108567,28.518320302612963,91.21414207408394,28.25,28.75,90.0,92.25,-41.37668228149414,-76.35942077636719,-993.0404052734375
EVT-2020-019,B00022,0,2020-06-30,dry,25,15913.040826446255,34.71467628647387,75.46401032565406,34.25,35.0,74.5,76.75,-28.352773666381836,-67.33401489257812,-708.8193359375
EVT-2020-020,B00017,0,2020-06-30,wet,17,13011.672361971285,8.831930323182577,96.92786614377405,8.25,9.25,96.5,97.5,57.73381805419922,70.68904113769531,981.4749145507812
EVT-2020-021,B00020,0,2020-06-30,dry,20,12403.405327302997,36.808990643331796,96.09439569326224,36.5,37.0,95.25,97.0,-7.306870460510254,-9.808858871459961,-146.1374053955078
EVT-2020-022,B00003,0,2020-06-30,wet,14,9213.261690913801,31.830492794671645,92.78918708620719,31.5,32.25,92.25,93.25,53.04218292236328,70.05946350097656,742.590576171875
EVT-2020-023,B00004,0,2020-06-30,wet,13,8787.962228356044,29.12428270603187,84.58566240816118,28.75,29.75,84.0,85.25,33.56251525878906,64.62905883789062,436.31268310546875
EVT-2020-024,B00002,0,2020-06-30,wet,13,8377.23937373126,33.675927814130944,69.6433815832532,33.0,34.25,69.25,70.0,48.67226791381836,92.93302917480469,632.739501953125
EVT-2020-025,B00019,0,2020-06-30,dry,13,8053.321427242629,36.88289357817886,94.00669511466427,36.75,37.0,93.25,94.75,-7.517533302307129,-9.427389144897461,-97.72793579101562
EVT-2020-026,B00008,0,2020-06-30,wet,10,7078.172564790699,23.97998479108793,96.27468408767575,23.5,24.25,96.0,96.5,55.4612922668457,74.1761474609375,554.6129150390625
EVT-2020-027,B00021,0,2020-06-30,dry,11,6937.857284831599,35.46510931342456,92.8520791199554,35.25,35.75,92.25,93.5,-21.64469337463379,-26.513099670410156,-238.0916290283203
EVT-2020-028,B00023,0,2020-06-30,dry,10,6396.262684180538,34.332932031831604,85.27737095929211,34.0,34.75,84.5,85.75,-14.528051376342773,-19.465129852294922,-145.280517578125
EVT-2020-022,B00030,1,2020-07-31,wet,2016,1356967.649844084,27.735134026417573,90.96575954493817,23.0,37.0,80.0,98.0,131.53887939453125,786.2054443359375,265182.375
EVT-2020-029,B00038,1,2020-07-31,dry,1828,1256418.5408790102,25.458065527625173,76.69976627924402,16.75,35.75,69.0,81.75,-104.76747131347656,-382.5200500488281,-191514.9375
EVT-2020-004,B00033,1,2020-07-31,wet,946,714550.805864316,12.799360411296393,71.0076899882397,7.25,19.0,68.0,75.5,166.92556762695312,351.84539794921875,157911.59375
EVT-2020-016,B00035,1,2020-07-31,wet,561,427782.16490140394,9.688381522119446,83.69852269616395,6.0,15.0,79.0,88.0,62.9470329284668,141.1474609375,35313.28515625
EVT-2020-030,B00051,1,2020-07-31,dry,421,317840.42897365027,13.086258559239273,96.7069017895899,8.25,19.25,94.0,98.0,-150.15159606933594,-398.77166748046875,-63213.82421875
EVT-2020-031,B00059,1,2020-07-31,dry,92,70684.19130546082,7.284102401836373,92.49408932644107,6.0,9.0,90.75,94.25,-64.8556900024414,-84.27381896972656,-5966.7236328125
EVT-2020-032,B00032,1,2020-07-31,wet,74,53272.97094078166,21.675511367243466,70.01356066535553,20.5,23.5,68.75,72.0,278.8999938964844,590.8446044921875,20638.599609375
EVT-2020-033,B00056,1,2020-07-31,dry,38,28625.298876762325,13.462043190823511,75.36257779840939,12.5,14.5,74.5,76.5,-123.84510040283203,-227.093017578125,-4706.11376953125
EVT-2020-034,B00058,1,2020-07-31,dry,37,28207.310070239273,10.131216751785974,92.54705260382316,9.5,10.75,91.5,93.5,-78.3916244506836,-94.6297607421875,-2900.490234375
EVT-2020-035,B00037,1,2020-07-31,wet,36,27710.66105503941,6.334413744335876,78.4167332870175,6.0,7.0,77.25,79.5,40.03498077392578,62.70582580566406,1441.25927734375
EVT-2020-036,B00052,1,2020-07-31,dry,33,24447.34593989435,16.95444131962926,89.3761530747976,16.25,17.5,88.75,90.25,-97.38761138916016,-104.95010375976562,-3213.791259765625
EVT-2020-037,B00047,1,2020-07-31,dry,33,23775.694977598178,21.508451939724907,96.59514509987092,20.5,22.25,96.0,97.5,-57.46420669555664,-103.23699951171875,-1896.31884765625
EVT-2020-038,B00042,1,2020-07-31,dry,30,20524.955274865202,27.763667377643944,68.36292214676944,26.25,29.25,68.0,69.25,-93.8555679321289,-121.67292785644531,-2815.6669921875
EVT-2020-039,B00050,1,2020-07-31,dry,26,19062.69411965659,18.847542830773623,85.27296516220589,18.25,19.5,84.25,86.25,-89.95663452148438,-138.48257446289062,-2338.87255859375
EVT-2020-040,B00029,1,2020-07-31,wet,29,18050.988967091922,36.57742103365889,77.75196465802901,36.0,37.0,76.5,79.0,22.226713180541992,46.63610076904297,644.57470703125
EVT-2020-041,B00054,1,2020-07-31,dry,24,17822.57639460566,16.495646015165104,87.07639340439049,16.0,17.0,86.0,88.0,-85.4969253540039,-100.99826049804688,-2051.92626953125
EVT-2020-023,B00031,1,2020-07-31,wet,23,15414.507133413712,30.00755606753848,87.75457432036839,28.75,30.75,87.0,88.75,39.848907470703125,66.23651123046875,916.52490234375
EVT-2020-013,B00049,1,2020-07-31,dry,21,15228.53454593507,20.556781070586165,94.53834703238851,20.0,21.0,94.0,95.5,-78.07514190673828,-125.00576782226562,-1639.5780029296875
EVT-2020-017,B00046,1,2020-07-31,dry,21,14864.830205055632,23.92639024190373,92.63580005316565,22.75,24.5,92.0,93.0,-90.88480377197266,-129.51654052734375,-1908.580810546875
EVT-2020-003,B00040,1,2020-07-31,dry,23,14764.218774615714,33.99817422286206,83.5951451837509,33.5,34.5,83.0,84.25,-23.88473892211914,-31.685672760009766,-549.3489990234375
EVT-2020-042,B00036,1,2020-07-31,wet,19,14458.356952094868,10.597465522197519,78.1784553280878,10.25,11.5,77.5,79.0,49.32728576660156,119.37158203125,937.2184448242188
EVT-2020-043,B00045,1,2020-07-31,dry,20,14062.780521053926,24.740264650112948,68.54662512275185,24.25,25.5,68.0,69.5,-88.9743423461914,-131.32473754882812,-1779.48681640625
EVT-2020-009,B00041,1,2020-07-31,dry,18,12088.356922701365,29.862034416941746,83.75440079645023,29.25,30.25,83.25,84.75,-35.065792083740234,-45.538116455078125,-631.1842651367188
EVT-2020-044,B00048,1,2020-07-31,dry,16,11601.147099944154,20.62590620392988,82.19119725649291,20.0,21.25,81.5,83.0,-113.19742584228516,-134.81015014648438,-1811.1588134765625
EVT-2020-045,B00055,1,2020-07-31,dry,14,10446.80254891758,15.528825177463428,74.90543325023302,15.0,16.0,74.5,75.5,-70.39205932617188,-116.60067749023438,-985.4888305664062
EVT-2020-046,B00057,1,2020-07-31,dry,13,9851.27295219462,11.944038177247153,92.58052585717587,11.5,12.5,92.25,93.0,-74.12283325195312,-98.0787353515625,-963.5968017578125
EVT-2020-047,B00044,1,2020-07-31,dry,14,9697.7740802009,26.520797936051565,71.67254125916939,26.25,27.0,71.0,72.25,-101.90788269042969,-155.24276733398438,-1426.7103271484375
EVT-2020-048,B00053,1,2020-07-31,dry,11,8157.099598189721,16.792793634918926,81.82700431387462,16.5,17.0,81.5,82.25,-83.00997924804688,-102.19967651367188,-913.1097412109375
EVT-2020-008,B00034,1,2020-07-31,wet,10,7358.532073873189,18.17158335014061,74.73689114152647,17.5,18.75,74.25,75.5,51.324806213378906,73.38983154296875,513.248046875
EVT-2020-019,B00039,1,2020-07-31,dry,11,6984.606715032904,34.9229077473916,80.92923297390635,34.5,35.25,80.5,81.5,-18.92607307434082,-24.78791046142578,-208.18679809570312
EVT-2020-018,B00043,1,2020-07-31,dry,10,6796.78982409419,28.638971760526506,86.59096380346212,28.5,29.0,85.75,87.25,-30.799606323242188,-41.22941589355469,-307.9960632324219
EVT-2020-008,B00066,2,2020-08-31,wet,2177,1579971.0745229241,20.17075050985183,78.75104888611804,13.5,28.75,69.25,94.0,164.8863983154297,516.2275390625,358957.6875
EVT-2020-003,B00075,2,2020-08-31,dry,633,403226.50532266137,34.580353369921156,82.10738891518564,28.75,37.0,74.5,88.75,-25.478395462036133,-74.5081558227539,-16127.82421875
EVT-2020-031,B00087,2,2020-08-31,dry,520,398475.71149359236,8.431333507874943,93.44962039979455,6.0,10.5,88.25,98.0,-78.65436553955078,-157.93736267089844,-40900.26953125
EVT-2020-049,B00086,2,2020-08-31,dry,333,254628.50123416207,9.34594235501243,83.28377658873089,6.25,11.25,77.25,87.0,-47.95052719116211,-134.0712890625,-15967.525390625
EVT-2020-050,B00061,2,2020-08-31,wet,347,226126.30166212175,32.62039316134518,73.27241477647958,30.0,35.25,70.0,77.25,101.8385009765625,287.2480163574219,35337.9609375
EVT-2020-051,B00085,2,2020-08-31,dry,295,225116.32546613552,10.09695283928737,74.10012034893055,7.25,12.25,71.5,76.75,-125.28514099121094,-234.29727172851562,-36959.1171875
EVT-2020-052,B00073,2,2020-08-31,dry,163,104623.54153228199,33.27958861702389,69.17765688057403,30.5,37.0,68.0,72.25,-39.95589828491211,-181.60279846191406,-6512.8115234375
EVT-2020-053,B00077,2,2020-08-31,dry,123,79993.53806070422,32.64869753427003,94.94737941800128,31.75,34.75,90.25,98.0,-41.28636932373047,-74.19140625,-5078.2236328125
EVT-2020-033,B00083,2,2020-08-31,dry,69,52024.063550239545,13.216882483116258,78.94718879601194,12.0,14.25,77.5,81.0,-47.4442253112793,-81.92507934570312,-3273.651611328125
EVT-2020-054,B00076,2,2020-08-31,dry,70,43897.376228671004,36.001547559142054,90.15255115460467,35.0,36.75,88.5,91.75,-35.33551025390625,-56.49834442138672,-2473.48583984375
EVT-2020-055,B00071,2,2020-08-31,wet,54,38824.92710971751,21.979206000197934,97.41220010932642,20.25,23.25,96.25,98.0,58.665794372558594,111.23876953125,3167.952880859375
EVT-2020-056,B00067,2,2020-08-31,wet,55,37811.04268751036,27.327235416072604,75.92608192646733,26.5,28.5,75.0,76.75,65.06221771240234,107.58790588378906,3578.421875
EVT-2020-057,B00060,2,2020-08-31,wet,49,30903.75643787101,35.30043047436097,97.1080971779184,34.25,36.75,95.25,98.0,15.871296882629395,24.77056884765625,777.6935424804688
EVT-2020-058,B00062,2,2020-08-31,wet,43,29022.527235325975,29.433312311834328,77.91176045858751,28.5,30.5,77.0,78.75,91.5238037109375,180.876708984375,3935.523681640625
EVT-2020-022,B00069,2,2020-08-31,wet,32,22515.016329103448,24.780169042591556,94.23280349715503,23.75,25.75,92.75,95.0,82.24496459960938,208.07754516601562,2631.8388671875
EVT-2020-059,B00068,2,2020-08-31,wet,29,20282.19435743005,25.52387580568449,97.51414663151915,24.25,26.25,96.75,98.0,227.9693603515625,419.5650634765625,6611.111328125
EVT-2020-029,B00080,2,2020-08-31,dry,23,16175.678199264197,24.755567551581635,77.28340526355858,24.0,25.5,76.25,78.0,-115.55110931396484,-160.33807373046875,-2657.675537109375
EVT-2020-037,B00081,2,2020-08-31,dry,21,15055.885467824099,22.205031905988367,95.16877373169744,21.75,22.75,94.75,95.75,-41.41946792602539,-51.82743835449219,-869.808837890625
EVT-2020-060,B00072,2,2020-08-31,wet,18,13188.846623000265,18.86579804347351,96.11805044434226,18.25,20.0,95.75,96.5,68.08844757080078,117.53836059570312,1225.592041015625
EVT-2020-061,B00084,2,2020-08-31,dry,17,12868.093543965128,12.171820471312394,84.64134393856266,11.75,12.75,84.25,85.0,-64.86176300048828,-83.28276062011719,-1102.6500244140625
EVT-2020-019,B00078,2,2020-08-31,dry,18,11712.132166142312,32.85081423615294,84.75222286012672,32.25,33.25,84.0,85.75,-19.79800796508789,-24.960678100585938,-356.3641357421875
EVT-2020-062,B00063,2,2020-08-31,wet,17,11461.199275528406,29.508173775463085,69.99323325236338,29.0,30.0,69.5,70.5,123.13841247558594,285.0410461425781,2093.35302734375
EVT-2020-063,B00064,2,2020-08-31,wet,14,9425.6046824982,29.644285496861386,75.35813218939231,29.25,30.0,75.0,75.75,71.73017120361328,134.16448974609375,1004.222412109375
EVT-2020-030,B00082,2,2020-08-31,dry,12,8903.595625123426,16.690780685895913,96.02864880097493,16.25,17.0,95.5,96.5,-112.13818359375,-134.80905151367188,-1345.658203125
EVT-2020-064,B00070,2,2020-08-31,wet,10,7131.965013882676,22.94132864272116,93.77206409368429,22.5,23.25,93.5,94.0,80.1045913696289,108.56756591796875,801.0458984375
EVT-2020-065,B00074,2,2020-08-31,dry,11,6818.23689025323,36.839027756732065,73.50248061057567,36.5,37.0,73.0,74.0,-42.314056396484375,-48.92890930175781,-465.4546203613281
EVT-2020-066,B00065,2,2020-08-31,wet,10,6719.201506001869,29.86342953904726,80.46154925007234,29.5,30.0,79.75,81.25,83.6752700805664,148.88116455078125,836.752685546875
EVT-2020-009,B00079,2,2020-08-31,dry,10,6601.901381407863,31.558033674004538,84.21769440909576,31.0,32.0,83.75,84.5,-19.82541275024414,-24.64948272705078,-198.25411987304688
EVT-2020-067,B00097,3,2020-09-30,wet,3150,2392826.5292289564,11.54901897657727,80.92585346483523,6.0,17.5,68.0,98.0,95.79693603515625,300.54791259765625,301760.34375
EVT-2020-009,B00100,3,2020-09-30,dry,1560,1035410.6342314893,29.75060720645196,80.33790702844033,23.25,35.75,75.0,89.5,-54.083740234375,-169.15496826171875,-84370.6328125
EVT-2020-068,B00107,3,2020-09-30,dry,581,430741.87838686584,16.855987857424577,87.75376600869524,14.25,19.75,82.25,94.0,-114.99144744873047,-176.78182983398438,-66810.03125
EVT-2020-069,B00104,3,2020-09-30,dry,289,208558.5762046274,21.265137168063838,70.639143637737,19.25,23.5,68.0,74.75,-185.84523010253906,-324.4312438964844,-53709.26953125
EVT-2020-070,B00092,3,2020-09-30,wet,173,119569.90111573036,26.889697071390806,89.02670709239894,25.25,28.0,86.25,92.0,216.23678588867188,470.3238525390625,37408.96484375
EVT-2020-071,B00102,3,2020-09-30,dry,128,91786.17953511652,22.030187710650832,87.50947837692958,20.5,24.0,84.5,90.0,-111.07196044921875,-271.4044494628906,-14217.2109375
EVT-2020-050,B00089,3,2020-09-30,wet,131,82049.79899986733,36.03073743106853,73.62879711688747,35.0,37.0,71.0,77.0,45.55851364135742,169.0801239013672,5968.1650390625
EVT-2020-022,B00093,3,2020-09-30,wet,115,79710.93521895286,26.591735015891718,95.6663181142152,24.0,28.0,93.0,98.0,180.49363708496094,594.0507202148438,20756.767578125
EVT-2020-057,B00090,3,2020-09-30,wet,103,66080.81410016255,33.962300731177415,95.01916986007069,33.0,34.75,92.25,97.75,23.226133346557617,41.759185791015625,2392.291748046875
EVT-2020-037,B00103,3,2020-09-30,dry,90,64526.32894107877,22.131356263141797,95.24224756064007,20.5,23.75,94.25,96.75,-65.62415313720703,-130.27731323242188,-5906.173828125
EVT-2020-030,B00105,3,2020-09-30,dry,40,29060.06247909338,20.32632203947004,96.8894733534495,18.75,21.5,96.25,98.0,-70.2441177368164,-175.32461547851562,-2809.7646484375
EVT-2020-072,B00098,3,2020-09-30,wet,32,24434.370572116713,9.654376835791593,68.70686540135667,9.0,10.25,68.0,69.5,76.32273864746094,88.67900085449219,2442.32763671875
EVT-2020-073,B00101,3,2020-09-30,dry,22,15632.061075247038,23.46793617805619,92.89269971980313,22.5,24.25,92.5,93.25,-84.65796661376953,-134.80581665039062,-1862.4752197265625
EVT-2020-074,B00088,3,2020-09-30,wet,22,13668.683554582227,36.607827186252756,68.49400060104989,36.0,37.0,68.0,69.5,4.318764686584473,7.713000297546387,95.01282501220703
EVT-2020-064,B00095,3,2020-09-30,wet,16,11218.074311600718,25.222773664282037,91.34387201143836,24.5,25.5,90.25,92.0,194.4653778076172,323.5265197753906,3111.446044921875
EVT-2020-066,B00091,3,2020-09-30,wet,16,10909.66036389397,28.269940258979286,83.91645402480253,28.0,28.75,82.75,85.25,153.57740783691406,352.79278564453125,2457.238525390625
EVT-2020-075,B00099,3,2020-09-30,wet,12,9234.937626365478,6.494730435553119,68.60534094718267,6.0,7.25,68.0,69.25,35.646297454833984,42.79472351074219,427.75555419921875
EVT-2020-055,B00096,3,2020-09-30,wet,11,7922.951279711848,21.586085084257935,97.7092535233798,21.0,22.0,97.25,98.0,64.50801086425781,98.79095458984375,709.588134765625
EVT-2020-076,B00094,3,2020-09-30,wet,11,7566.2466765060035,27.402732687713975,84.26697836091327,27.0,27.75,84.0,84.75,153.09153747558594,190.16201782226562,1684.0068359375
EVT-2020-077,B00106,3,2020-09-30,dry,10,7258.042543159561,20.45397159128698,82.74201109629867,20.0,21.0,82.25,83.0,-104.4468765258789,-123.31454467773438,-1044.46875
EVT-2021-078,B00135,12,2021-06-30,dry,1080,823594.7778749813,9.734624597979352,89.49297831028282,6.0,14.75,83.5,96.0,-74.78553009033203,-136.98577880859375,-80768.375
EVT-2021-079,B00136,12,2021-06-30,dry,853,651733.1784357735,9.701631659552493,72.06105102186697,6.0,13.5,68.0,77.0,-97.06063842773438,-183.35690307617188,-82792.7265625
EVT-2021-080,B00119,12,2021-06-30,wet,497,359546.2861932657,20.814404300231992,92.5702333999383,17.25,24.25,86.75,98.0,145.59828186035156,389.34893798828125,72362.34375
EVT-2021-081,B00133,12,2021-06-30,dry,279,206541.5387929196,17.21318774803238,70.07409762796614,14.0,19.5,68.0,72.75,-174.57669067382812,-334.3146667480469,-48706.8984375
EVT-2021-082,B00116,12,2021-06-30,wet,207,139373.86502725023,29.341073276836966,80.91437633082556,27.5,31.25,78.25,84.75,90.02745819091797,293.8710021972656,18635.68359375
EVT-2021-083,B00110,12,2021-06-30,wet,192,120049.01620951763,36.06140989767002,92.71715390872623,35.0,37.0,89.0,97.5,26.433324813842773,48.69477081298828,5075.1982421875
EVT-2021-084,B00118,12,2021-06-30,wet,152,106882.20035916411,24.81097684118293,83.89475676984704,23.25,27.25,81.5,85.5,115.0167465209961,227.3670654296875,17482.544921875
EVT-2021-085,B00130,12,2021-06-30,dry,102,71501.76135809864,25.60826067663208,96.45793623766163,23.25,27.75,94.75,97.75,-153.89198303222656,-437.6729736328125,-15696.982421875
EVT-2021-086,B00129,12,2021-06-30,dry,92,63673.12810366727,26.733892839878237,90.97581827763996,25.25,27.75,88.25,94.25,-207.6359405517578,-407.091796875,-19102.505859375
EVT-2021-087,B00138,12,2021-06-30,dry,76,58312.53252977728,7.968413398297884,97.18400860713581,6.0,9.25,96.25,98.0,-53.812156677246094,-86.49636840820312,-4089.723876953125
EVT-2021-088,B00114,12,2021-06-30,wet,83,53857.17636429622,32.99785559464124,87.02868906850979,32.0,34.5,85.0,89.25,24.123876571655273,50.53742218017578,2002.28173828125
EVT-2021-089,B00137,12,2021-06-30,dry,55,41621.61635304811,12.275527945420343,78.44754162574957,10.75,13.5,77.0,80.0,-44.09605026245117,-71.96871948242188,-2425.28271484375
EVT-2021-090,B00122,12,2021-06-30,dry,46,28636.585649459852,36.448171019052495,70.40800263326334,35.5,37.0,69.0,71.5,-23.801912307739258,-57.140037536621094,-1094.887939453125
EVT-2021-091,B00126,12,2021-06-30,dry,44,28572.625809005785,32.97632529651701,93.02371683789706,32.5,34.0,91.0,94.75,-36.150760650634766,-50.71068572998047,-1590.633544921875
EVT-2021-092,B00131,12,2021-06-30,dry,30,21038.715118864977,25.194731720122935,92.51960740949998,24.25,26.0,91.25,93.5,-91.4023208618164,-171.8096466064453,-2742.069580078125
EVT-2021-093,B00121,12,2021-06-30,wet,20,14898.933362489743,15.855138836970065,97.75021845071875,15.0,16.75,97.25,98.0,208.4342498779297,271.64862060546875,4168.68505859375
EVT-2021-094,B00134,12,2021-06-30,dry,17,12653.710958552152,16.04312182600652,82.21241398432458,15.75,16.5,81.25,83.0,-60.24317169189453,-78.4044189453125,-1024.1339111328125
EVT-2021-095,B00111,12,2021-06-30,wet,20,12622.424804454191,35.41822888405099,84.73228316373816,35.0,36.0,84.0,85.75,17.920124053955078,22.678367614746094,358.4024658203125
EVT-2021-096,B00128,12,2021-06-30,dry,18,12294.885385298263,28.162764603012516,95.03340588350149,27.75,28.75,94.25,96.0,-219.37286376953125,-344.6185302734375,-3948.711669921875
EVT-2021-097,B00109,12,2021-06-30,wet,18,11166.304706527659,36.78057776746501,84.67671868003146,36.5,37.0,83.5,85.5,15.885624885559082,19.374046325683594,285.9412536621094
EVT-2021-098,B00108,12,2021-06-30,wet,18,11162.20157270179,36.75646822770374,79.69306814709552,36.25,37.0,78.75,81.0,11.239167213439941,19.516944885253906,202.3050079345703
EVT-2021-099,B00123,12,2021-06-30,dry,18,11150.12877658195,36.87239065073993,82.24687746093771,36.75,37.0,80.75,83.75,-5.594350814819336,-10.861556053161621,-100.69831085205078
EVT-2021-100,B00120,12,2021-06-30,wet,15,11111.748644985944,17.017294647745214,85.16242030969154,16.5,17.5,84.5,85.75,89.24541473388672,117.62651062011719,1338.6812744140625
EVT-2021-101,B00124,12,2021-06-30,dry,16,10076.644897750415,35.506051872741885,68.26974297675513,35.0,36.25,68.0,68.75,-11.643519401550293,-20.76435089111328,-186.2963104248047
EVT-2021-102,B00127,12,2021-06-30,dry,14,9124.894709036771,32.68960565413402,96.3864305929184,32.25,33.0,95.75,97.0,-39.71516799926758,-46.1441650390625,-556.0123291015625
EVT-2021-103,B00125,12,2021-06-30,dry,14,8854.885890062249,35.22796726390492,73.94384324404076,34.75,35.5,73.0,75.0,-40.02552032470703,-98.23941040039062,-560.3572998046875
EVT-2021-104,B00117,12,2021-06-30,wet,12,7994.26307845297,30.659968168161665,86.55283022782882,30.25,31.0,86.0,87.25,28.833375930786133,38.731414794921875,346.0005187988281
EVT-2021-105,B00132,12,2021-06-30,dry,11,7744.001720518334,24.62189057859563,79.46750039057127,24.25,25.0,79.0,79.75,-55.465274810791016,-62.208335876464844,-610.1180419921875
EVT-2021-106,B00115,12,2021-06-30,wet,11,7061.048655586951,34.028378690567024,90.01879824064342,33.5,34.5,89.5,90.5,24.531482696533203,31.89008331298828,269.8463134765625
EVT-2021-107,B00112,12,2021-06-30,wet,11,6980.74211714357,34.99358371697805,96.57220837441845,34.75,35.25,96.0,97.25,16.685321807861328,20.49126434326172,183.53854370117188
EVT-2021-108,B00113,12,2021-06-30,wet,10,6390.4776295960455,34.413560910471546,97.756017520298,33.75,34.75,97.25,98.0,23.841190338134766,37.82859802246094,238.4119110107422
EVT-2021-080,B00150,13,2021-07-31,wet,758,557138.1328401963,18.431745177479414,93.95642932516313,9.5,24.5,88.25,98.0,129.5243377685547,370.14202880859375,98179.453125
EVT-2021-079,B00164,13,2021-07-31,dry,670,511377.15556175786,10.248992205581567,70.58289566529803,6.0,15.0,68.0,75.25,-91.90816497802734,-189.15304565429688,-61578.46875
EVT-2021-109,B00168,13,2021-07-31,dry,368,282482.75825773634,7.541825181072509,85.12265837997438,6.0,9.5,80.5,88.5,-61.835853576660156,-122.63314056396484,-22755.59375
EVT-2021-110,B00156,13,2021-07-31,dry,404,274449.46010685916,28.620921228486836,72.52421914792495,25.0,32.75,70.0,76.0,-68.73516082763672,-180.98387145996094,-27769.00390625
EVT-2021-094,B00162,13,2021-07-31,dry,232,169943.56360290828,19.047431773245833,80.67584633624735,17.25,21.25,77.0,85.0,-144.1265869140625,-290.97222900390625,-33437.3671875
EVT-2021-082,B00145,13,2021-07-31,wet,225,154992.01827433793,27.403993875330837,78.87193975989491,23.75,31.75,77.0,82.25,106.86650848388672,301.31866455078125,24044.96484375
EVT-2021-111,B00153,13,2021-07-31,wet,200,149696.85162423982,14.88793904517728,76.79661097245175,13.25,16.5,73.25,80.5,85.35603332519531,184.0,17071.20703125
EVT-2021-112,B00161,13,2021-07-31,dry,195,141434.2786718706,20.764059569746056,76.01752420180799,18.25,22.0,73.5,78.5,-133.7009735107422,-299.56085205078125,-26071.689453125
EVT-2021-088,B00139,13,2021-07-31,wet,217,137804.85233906342,34.79809844808009,84.42741051350289,33.25,37.0,80.25,88.25,24.349918365478516,62.99543762207031,5283.93212890625
EVT-2021-104,B00147,13,2021-07-31,wet,146,98919.13085533463,28.927737422481197,87.92699603273313,28.0,29.75,83.25,92.25,46.04627990722656,134.85784912109375,6722.7568359375
EVT-2021-113,B00160,13,2021-07-31,dry,133,95235.60836823852,22.24988946098822,69.95162114143695,20.75,24.75,68.0,73.0,-180.2538299560547,-329.98883056640625,-23973.759765625
EVT-2021-105,B00159,13,2021-07-31,dry,87,60335.41673950156,26.48311883433007,82.71816387330958,25.25,27.75,81.0,84.0,-125.89322662353516,-208.23876953125,-10952.7109375
EVT-2021-091,B00155,13,2021-07-31,dry,76,48673.58806756267,34.06803982719621,94.57490456768795,33.0,35.25,92.25,96.0,-22.71051025390625,-42.72462463378906,-1725.998779296875
EVT-2021-089,B00167,13,2021-07-31,dry,47,35689.39960212259,11.296069186145473,77.70869029266464,10.25,12.25,76.75,79.0,-52.77892303466797,-111.11398315429688,-2480.609375
EVT-2021-084,B00149,13,2021-07-31,wet,50,35582.22441952578,23.22011137700086,84.35171895853334,22.5,24.5,82.25,86.25,102.98583984375,151.2982177734375,5149.2919921875
EVT-2021-114,B00142,13,2021-07-31,wet,48,30581.884485296596,34.645553277156786,72.66377486998304,34.0,35.5,70.75,74.25,78.27679443359375,187.04159545898438,3757.2861328125
EVT-2021-115,B00157,13,2021-07-31,dry,40,26782.29854161042,30.052319939304848,69.2587901242564,29.0,31.5,68.5,70.0,-52.0361213684082,-84.79547119140625,-2081.44482421875
EVT-2021-116,B00143,13,2021-07-31,wet,38,24838.878928280858,32.35915306301862,75.19495172015677,31.5,33.75,74.5,76.0,106.63250732421875,187.55795288085938,4052.03515625
EVT-2021-117,B00152,13,2021-07-31,wet,33,24301.22560705894,17.992065059248205,72.22100492698135,16.5,19.0,71.0,73.25,166.2593231201172,227.82373046875,5486.5576171875
EVT-2021-085,B00158,13,2021-07-31,dry,34,23245.769572422258,28.097831716691246,95.80773211738683,27.5,28.75,94.75,96.75,-216.6875457763672,-411.16802978515625,-7367.37646484375
EVT-2021-118,B00146,13,2021-07-31,wet,32,21508.399875695766,29.829497896160067,97.24389674041969,28.75,30.75,96.5,98.0,52.10063171386719,80.55783081054688,1667.22021484375
EVT-2021-099,B00154,13,2021-07-31,dry,24,15214.581259170602,34.96313743936108,77.31155975327586,34.5,36.0,76.5,78.0,-16.443830490112305,-34.228485107421875,-394.65191650390625
EVT-2021-119,B00166,13,2021-07-31,dry,16,12111.900327767624,12.228510058887851,80.25520065679883,11.5,12.75,79.75,80.75,-30.8138427734375,-37.852291107177734,-493.021484375
EVT-2021-107,B00140,13,2021-07-31,wet,19,11792.895645463293,36.78727155407569,97.57544393981956,36.25,37.0,96.5,98.0,21.207744598388672,42.758148193359375,402.9471435546875
EVT-2021-120,B00151,13,2021-07-31,wet,14,9965.181392810926,23.2095523438059,76.35702744956181,23.0,23.5,75.75,77.0,135.6575164794922,180.2581787109375,1899.205322265625
EVT-2021-083,B00141,13,2021-07-31,wet,15,9416.566989981236,35.907780218742595,89.12271959042342,35.25,36.25,88.5,89.75,29.70189666748047,37.45269012451172,445.5284423828125
EVT-2021-121,B00165,13,2021-07-31,dry,11,8312.407002821648,12.662019720329823,73.02555642050137,12.25,13.0,72.75,73.25,-123.38056945800781,-135.2925262451172,-1357.186279296875
EVT-2021-122,B00163,13,2021-07-31,dry,11,8130.274541224312,17.381584919244798,88.58960069413534,17.0,17.75,88.25,89.0,-100.5844497680664,-107.01882934570312,-1106.428955078125
EVT-2021-123,B00144,13,2021-07-31,wet,12,7794.557656186913,32.94334885366995,69.89938456835208,32.25,33.5,69.5,70.25,51.60940170288086,80.52888488769531,619.3128051757812
EVT-2021-124,B00148,13,2021-07-31,wet,10,6987.653672841093,25.52440752935271,76.9196775001815,25.25,25.75,76.5,77.25,119.35417175292969,157.20901489257812,1193.541748046875
EVT-2021-112,B00179,14,2021-08-31,dry,4501,3195037.090664712,21.441803567786053,79.82591361199528,7.5,37.0,68.0,98.0,-145.0797882080078,-590.6116943359375,-653004.125
EVT-2021-104,B00170,14,2021-08-31,wet,1447,980393.495043444,28.04942485546724,91.45557546431483,21.25,34.0,81.25,98.0,103.1040267944336,736.681884765625,149191.53125
EVT-2021-125,B00176,14,2021-08-31,wet,685,524292.069860035,8.900559251332542,93.96426901070599,6.0,11.75,88.0,98.0,94.56609344482422,245.34426879882812,64777.7734375
EVT-2021-091,B00182,14,2021-08-31,dry,160,100819.69242871777,35.50079091053687,94.53003461592633,34.5,36.5,91.0,98.0,-24.027103424072266,-53.511627197265625,-3844.336669921875
EVT-2021-126,B00175,14,2021-08-31,wet,100,76261.00718903239,10.18369122491988,69.04502065970101,8.5,11.75,68.0,70.75,89.4637680053711,129.46221923828125,8946.376953125
EVT-2021-127,B00181,14,2021-08-31,dry,90,56135.42272501128,36.45704257417767,88.40945760080982,35.0,37.0,86.0,91.25,-33.736690521240234,-61.63691711425781,-3036.302001953125
EVT-2021-082,B00173,14,2021-08-31,wet,50,35058.06336126638,25.04229498294253,77.26524391885643,24.0,26.25,76.25,78.25,163.83990478515625,332.15838623046875,8191.9951171875
EVT-2021-111,B00174,14,2021-08-31,wet,35,26460.85771900524,12.57623630608085,80.68025349949922,11.0,13.5,80.25,81.25,37.17680358886719,51.324989318847656,1301.1881103515625
EVT-2021-128,B00178,14,2021-08-31,wet,34,26092.82543322385,7.7980257670284105,83.32202434383403,7.25,8.25,82.0,84.5,35.44948196411133,56.97377014160156,1205.2823486328125
EVT-2021-114,B00169,14,2021-08-31,wet,29,18147.06008159156,36.17376414932605,77.00143202012131,35.5,36.5,76.0,78.75,16.1650333404541,40.79883575439453,468.78594970703125
EVT-2021-118,B00172,14,2021-08-31,wet,22,15069.81492548198,27.747929014932605,97.40170240757936,27.25,28.5,96.25,98.0,231.49160766601562,433.8978271484375,5092.8154296875
EVT-2021-094,B00184,14,2021-08-31,dry,14,10376.113938168512,16.893965961875708,79.45105464737227,16.5,17.25,79.0,80.0,-72.5445556640625,-87.55047607421875,-1015.623779296875
EVT-2021-129,B00177,14,2021-08-31,wet,11,8354.534243665597,11.294654073766583,87.92087107143715,11.0,11.5,87.5,88.5,50.542484283447266,56.96723937988281,555.9673461914062
EVT-2021-130,B00183,14,2021-08-31,dry,12,7792.760513834061,33.01669982930594,83.21549356125257,32.5,33.5,82.75,83.5,-22.33530616760254,-27.423072814941406,-268.023681640625
EVT-2021-089,B00185,14,2021-08-31,dry,10,7564.39643654188,12.420634259413738,78.9541027449017,12.25,12.5,78.25,79.75,-43.6945915222168,-69.64048767089844,-436.9459228515625
EVT-2021-099,B00180,14,2021-08-31,dry,12,7434.771116854962,36.85634732665718,79.07300949268918,36.75,37.0,78.5,80.25,-12.441781044006348,-26.23685073852539,-149.30137634277344
EVT-2021-116,B00171,14,2021-08-31,wet,10,6688.748560082755,30.283681674204484,76.11201636663667,30.0,30.5,75.75,76.75,57.8740234375,77.67965698242188,578.740234375
EVT-2021-131,B00193,15,2021-09-30,wet,1123,828729.7617698575,17.56035782040755,90.15463496098107,12.25,24.75,81.75,97.5,137.48658752441406,425.73822021484375,154397.4375
EVT-2021-132,B00190,15,2021-09-30,wet,652,460537.8855999375,22.87283555939166,71.17319122746389,19.5,30.25,68.0,77.25,162.23521423339844,536.7193603515625,105777.359375
EVT-2021-094,B00211,15,2021-09-30,dry,492,369310.91745446227,14.46188719267024,80.46357158717267,11.0,16.75,74.5,87.25,-69.47559356689453,-193.4134063720703,-34181.9921875
EVT-2021-133,B00208,15,2021-09-30,dry,231,160666.2463110523,26.280101128319366,88.92674206271651,24.0,28.5,85.75,91.75,-156.2526397705078,-437.1871032714844,-36094.359375
EVT-2021-134,B00216,15,2021-09-30,dry,203,155911.69826953337,7.396253495482438,70.84997492795311,6.0,9.5,68.0,73.25,-64.13593292236328,-91.00581359863281,-13019.59375
EVT-2021-135,B00207,15,2021-09-30,dry,213,145692.2847549978,27.88611911490072,94.96231840525316,24.25,30.25,92.5,97.5,-194.81307983398438,-755.677490234375,-41495.1875
EVT-2021-136,B00213,15,2021-09-30,dry,168,126722.11780952282,13.095469132427542,72.08135948108189,11.5,14.5,69.5,75.0,-125.76969146728516,-193.1039581298828,-21129.30859375
EVT-2021-091,B00206,15,2021-09-30,dry,127,81819.70217812489,33.57278983408162,94.4409494428529,32.75,34.75,90.75,97.5,-26.334270477294922,-49.862213134765625,-3344.452392578125
EVT-2021-137,B00198,15,2021-09-30,wet,96,70546.46085262875,18.405920320312653,76.9065519407072,17.25,19.5,74.75,78.75,100.85781860351562,169.95147705078125,9682.3505859375
EVT-2021-082,B00192,15,2021-09-30,wet,78,53787.1476184645,27.153431767616635,79.89100779543004,25.75,28.25,78.25,81.25,106.67119598388672,189.91282653808594,8320.353515625
EVT-2021-138,B00194,15,2021-09-30,wet,34,24266.608730864926,22.903333021703823,96.29389400549229,21.75,23.75,95.25,97.25,61.82010269165039,137.70628356933594,2101.883544921875
EVT-2021-128,B00201,15,2021-09-30,wet,27,20694.213079668032,8.240322734471112,82.15537344861455,7.5,9.0,81.0,83.0,24.218076705932617,36.70343780517578,653.8880615234375
EVT-2021-139,B00218,15,2021-09-30,dry,25,19225.516183845215,6.829630387566469,76.4460436439467,6.25,7.25,75.5,77.25,-41.5822868347168,-56.361366271972656,-1039.55712890625
EVT-2021-140,B00188,15,2021-09-30,wet,28,18583.32618626349,31.004470580367467,83.95569066136264,30.5,31.5,82.75,85.0,20.915678024291992,29.101837158203125,585.6389770507812
EVT-2021-141,B00214,15,2021-09-30,dry,23,17430.997009330204,11.909365571474892,68.54749909095982,11.25,12.5,68.0,69.0,-126.52058410644531,-147.3524932861328,-2909.973388671875
EVT-2021-142,B00195,15,2021-09-30,wet,24,17273.09389957565,21.57723026811917,94.85071845468892,21.0,22.5,94.25,95.5,57.333221435546875,100.47550964355469,1375.997314453125
EVT-2021-114,B00186,15,2021-09-30,wet,26,17013.284839537566,32.4650394178259,74.2895627347195,31.5,33.5,73.5,74.75,83.64303588867188,141.87322998046875,2174.718994140625
EVT-2021-143,B00191,15,2021-09-30,wet,25,16920.07345975296,29.08257043869699,85.60014668327273,28.5,29.5,84.0,86.5,22.9283447265625,29.235519409179688,573.2086181640625
EVT-2021-144,B00205,15,2021-09-30,dry,26,16391.89607343283,35.50201793967935,73.6042573392542,35.0,36.0,72.25,74.5,-42.46466064453125,-119.48747253417969,-1104.0811767578125
EVT-2021-145,B00212,15,2021-09-30,dry,20,14903.427551625151,15.844222179053943,71.620972716244,15.0,16.5,71.0,72.25,-136.97836303710938,-161.20021057128906,-2739.5673828125
EVT-2021-111,B00200,15,2021-09-30,wet,19,14446.88055963449,10.938853196945429,79.41060317944083,10.25,11.5,79.0,80.0,40.87247848510742,53.5362548828125,776.5770874023438
EVT-2021-146,B00204,15,2021-09-30,dry,22,13824.27231486771,35.85975275942308,75.60047315617929,35.25,36.5,75.0,77.25,-17.54795265197754,-38.065433502197266,-386.0549621582031
EVT-2021-147,B00196,15,2021-09-30,wet,19,13739.285891866224,21.005201699390376,83.0563380809268,20.5,21.5,82.25,83.75,128.47821044921875,157.7064208984375,2441.0859375
EVT-2021-099,B00203,15,2021-09-30,dry,22,13680.850985168507,36.6574602041614,76.72008061602742,36.0,37.0,75.75,77.75,-18.804168701171875,-46.23876190185547,-413.69171142578125
EVT-2021-116,B00189,15,2021-09-30,wet,20,13329.459527128072,30.61165597138266,79.15836139142075,30.25,31.25,78.25,80.5,86.8863525390625,143.38031005859375,1737.72705078125
EVT-2021-148,B00197,15,2021-09-30,wet,16,11564.079643094992,21.071892484678454,96.59388831158168,20.5,21.5,96.25,97.25,66.06640625,109.8326416015625,1057.0625
EVT-2021-149,B00210,15,2021-09-30,dry,15,10414.862978650071,26.276230316341877,92.93765862438168,25.75,26.75,91.75,94.0,-166.7575225830078,-254.66152954101562,-2501.36279296875
EVT-2021-150,B00199,15,2021-09-30,wet,12,9042.000337159858,13.375002419639186,96.41212499715456,13.25,13.5,95.75,97.0,94.06786346435547,105.48532104492188,1128.8143310546875
EVT-2021-151,B00209,15,2021-09-30,dry,13,8930.879645124594,27.48389676596144,97.70503256568628,27.0,28.0,97.0,98.0,-344.44573974609375,-454.4793395996094,-4477.79443359375
EVT-2021-152,B00217,15,2021-09-30,dry,11,8440.360726047862,7.802702758510379,78.86565212791754,7.5,8.0,78.25,79.25,-24.318695068359375,-31.429935455322266,-267.5056457519531
EVT-2021-153,B00215,15,2021-09-30,dry,11,8326.28268602324,12.219653415593157,86.83612259696302,12.0,12.5,86.5,87.25,-54.540035247802734,-57.876251220703125,-599.9403686523438
EVT-2021-154,B00202,15,2021-09-30,dry,12,7446.891249399685,36.724825325569995,68.41546207255284,36.5,37.0,68.0,68.75,-2.17441725730896,-2.844651460647583,-26.093006134033203
EVT-2021-155,B00187,15,2021-09-30,wet,11,7237.52075716189,31.83549830842856,87.07534034437364,31.75,32.0,86.25,88.0,27.780517578125,35.56616973876953,305.585693359375
EVT-2022-156,B00232,24,2022-06-30,dry,1130,794603.6283078361,24.020760862996983,86.56748238109847,18.5,31.25,79.75,95.5,-117.51200103759766,-451.696044921875,-132788.5625
EVT-2022-157,B00234,24,2022-06-30,dry,437,328028.0111112193,14.369936507517323,95.99830841040357,10.5,18.5,92.0,98.0,-124.0076675415039,-289.9671630859375,-54191.3515625
EVT-2022-158,B00223,24,2022-06-30,wet,345,239697.14019038246,26.409237116096968,94.17740330339062,23.0,29.75,88.75,98.0,193.86878967285156,679.8343505859375,66884.734375
EVT-2022-159,B00228,24,2022-06-30,wet,280,215295.12219558988,6.83850862361219,90.38834192895962,6.0,8.5,85.25,96.0,71.04557800292969,110.40928649902344,19892.76171875
EVT-2022-160,B00236,24,2022-06-30,dry,211,158149.211864935,14.637954611525382,85.40537802164847,12.5,16.5,82.75,90.25,-69.08675384521484,-126.39730834960938,-14577.3056640625
EVT-2022-161,B00229,24,2022-06-30,dry,211,132704.0854077795,35.530434882918634,95.47795958581077,33.75,37.0,91.5,98.0,-20.158540725708008,-44.11285400390625,-4253.4521484375
EVT-2022-162,B00227,24,2022-06-30,wet,126,92623.0059691694,18.372179075023624,69.48598723178822,17.0,20.0,68.0,71.0,211.473388671875,495.2685852050781,26645.646484375
EVT-2022-163,B00220,24,2022-06-30,wet,101,63191.362396911856,36.04240978310157,79.83864118503372,35.25,37.0,76.0,84.0,14.0343017578125,28.36052703857422,1417.4644775390625
EVT-2022-164,B00233,24,2022-06-30,dry,85,62967.37666359043,16.99443738418835,75.24266648017867,15.25,18.75,73.75,77.0,-64.49101257324219,-116.24479675292969,-5481.736328125
EVT-2022-165,B00219,24,2022-06-30,wet,78,48762.44861848844,36.1053280582138,69.83353594256045,35.0,37.0,68.0,71.25,20.773033142089844,50.02704620361328,1620.296630859375
EVT-2022-166,B00221,24,2022-06-30,wet,60,38066.832355812025,35.058867486428305,74.4493115177076,34.25,36.0,72.75,77.0,37.58811569213867,86.97146606445312,2255.286865234375
EVT-2022-167,B00230,24,2022-06-30,dry,45,29375.846173620313,32.54108793348011,86.76117574651413,31.75,33.0,85.25,88.5,-24.78252410888672,-37.89106369018555,-1115.213623046875
EVT-2022-168,B00222,24,2022-06-30,wet,35,23195.532359619985,31.19924113156483,74.98527768343786,30.0,32.5,74.25,76.0,70.99925231933594,104.00772857666016,2484.973876953125
EVT-2022-169,B00231,24,2022-06-30,dry,32,21163.356601782136,31.377615243157035,90.29851612365117,30.5,32.0,88.75,91.75,-39.284332275390625,-51.04270935058594,-1257.0986328125
EVT-2022-170,B00225,24,2022-06-30,wet,20,13638.587286854638,28.22558115111164,92.02208443689096,27.75,28.75,91.25,92.75,48.1059684753418,95.9559326171875,962.119384765625
EVT-2022-171,B00235,24,2022-06-30,dry,15,11113.809327781259,16.972552805508894,80.98902083442678,16.5,17.5,80.5,81.5,-97.2088394165039,-128.32896423339844,-1458.132568359375
EVT-2022-172,B00224,24,2022-06-30,wet,16,10854.58906113021,28.870773738113385,76.62683430746736,28.25,29.25,76.0,77.25,53.80229187011719,71.37266540527344,860.836669921875
EVT-2022-173,B00226,24,2022-06-30,wet,15,10295.538742805158,27.55926376876776,87.54960089801246,27.25,28.0,86.5,88.25,182.71685791015625,414.8724365234375,2740.7529296875
EVT-2022-174,B00237,24,2022-06-30,dry,11,8390.702069613239,10.001564133813357,81.91691642680222,9.75,10.25,81.5,82.25,-36.866966247558594,-43.67192077636719,-405.53662109375
EVT-2022-175,B00254,25,2022-07-31,dry,2694,1827318.9003163695,26.718746913723827,90.69188503194866,18.25,37.0,79.0,98.0,-109.6317367553711,-562.0816650390625,-295347.90625
EVT-2022-176,B00238,25,2022-07-31,wet,2558,1788394.7730354755,23.452673935632536,76.44553081076239,15.75,36.0,68.0,90.75,143.3750457763672,632.3223876953125,366753.375
EVT-2022-164,B00262,25,2022-07-31,dry,505,376675.6907308208,15.716629813886327,71.38156147745062,12.0,19.5,68.0,74.75,-156.96408081054688,-303.9431457519531,-79266.859375
EVT-2022-171,B00263,25,2022-07-31,dry,260,195291.02599519276,14.196467751755787,78.97143926441998,11.5,16.75,75.25,82.25,-58.74984359741211,-106.109619140625,-15274.958984375
EVT-2022-177,B00243,25,2022-07-31,wet,176,133922.40993777796,10.847932663950676,96.981254971051,8.25,13.75,95.25,98.0,99.29841613769531,202.07293701171875,17476.521484375
EVT-2022-178,B00248,25,2022-07-31,wet,142,109239.38238151581,6.647865046250057,72.90466503360864,6.0,8.0,68.0,76.25,69.1791000366211,119.83206176757812,9823.4326171875
EVT-2022-174,B00264,25,2022-07-31,dry,86,66147.82632564302,6.660789213242584,78.9539406648391,6.0,7.75,76.75,80.5,-58.376136779785156,-114.84637451171875,-5020.34765625
EVT-2022-179,B00251,25,2022-07-31,wet,73,56160.046289209946,6.667014511554888,93.41880173027904,6.0,7.5,91.25,95.0,61.912010192871094,81.80653381347656,4519.57666015625
EVT-2022-180,B00244,25,2022-07-31,wet,34,25715.624559136468,12.331753408209435,75.75148836399109,11.25,13.5,75.0,76.5,140.4397430419922,270.4595947265625,4774.951171875
EVT-2022-181,B00242,25,2022-07-31,wet,30,22247.95093832971,16.78944681742826,95.35584738888535,16.0,17.25,94.5,96.5,108.24236297607422,192.06558227539062,3247.27099609375
EVT-2022-182,B00259,25,2022-07-31,dry,31,21779.760257695852,24.863913573191727,81.31002415463011,24.25,25.5,80.25,82.25,-80.26216125488281,-111.61404418945312,-2488.126953125
EVT-2022-183,B00250,25,2022-07-31,wet,28,21528.959793946044,6.975229625401905,83.90063650865933,6.0,7.5,83.0,84.75,44.2578239440918,82.33625793457031,1239.2191162109375
EVT-2022-184,B00253,25,2022-07-31,dry,34,21139.743949509706,36.686336345743236,77.74767874036093,36.0,37.0,75.75,79.25,-27.618574142456055,-58.170326232910156,-939.031494140625
EVT-2022-185,B00260,25,2022-07-31,dry,27,19248.530754121857,23.093691140303804,94.0465979129388,22.25,24.0,93.5,94.75,-99.30542755126953,-218.39358520507812,-2681.24658203125
EVT-2022-186,B00245,25,2022-07-31,wet,24,18315.20465649761,9.784308963176029,89.32901776951847,9.25,10.5,88.75,90.0,65.823486328125,94.25289916992188,1579.763671875
EVT-2022-187,B00240,25,2022-07-31,wet,26,16964.80251083885,32.539523780463284,68.63550153250569,31.75,33.5,68.0,69.5,45.47715377807617,62.800880432128906,1182.406005859375
EVT-2022-161,B00256,25,2022-07-31,dry,20,12589.045537166638,35.636420295237265,96.35003849106356,35.25,36.0,95.25,97.5,-19.524883270263672,-30.125457763671875,-390.4976501464844
EVT-2022-165,B00239,25,2022-07-31,wet,19,12050.421276851326,35.033780626342605,70.82702537308589,34.75,35.5,69.5,72.25,72.31318664550781,169.225341796875,1373.9505615234375
EVT-2022-188,B00255,25,2022-07-31,dry,18,11168.285268803264,36.812755133375724,97.48726437621816,36.25,37.0,96.5,98.0,-13.737970352172852,-24.640243530273438,-247.28346252441406
EVT-2022-189,B00258,25,2022-07-31,dry,16,10922.391671006924,28.17999430006172,78.10527528181154,27.75,28.5,77.5,78.5,-109.41272735595703,-159.76048278808594,-1750.6036376953125
EVT-2022-158,B00241,25,2022-07-31,wet,14,9965.181392810926,23.21126959740196,96.4226207350661,23.0,23.5,95.75,97.0,61.09857940673828,131.93797302246094,855.380126953125
EVT-2022-190,B00247,25,2022-07-31,wet,12,9208.618962666202,7.756527290421605,80.83218809632808,7.25,8.25,80.5,81.25,41.85555648803711,59.64533233642578,502.2666931152344
EVT-2022-191,B00257,25,2022-07-31,dry,13,8675.336628778188,30.538901260488455,77.29786905064412,30.0,30.75,76.75,77.75,-123.87169647216797,-223.65234375,-1610.33203125
EVT-2022-159,B00249,25,2022-07-31,wet,11,8449.704237903628,7.336784681446828,89.13561925838657,7.0,7.75,88.75,89.5,81.19794464111328,100.15390014648438,893.1773681640625
EVT-2022-192,B00246,25,2022-07-31,wet,11,8430.764572006967,8.280238173286932,82.1259744721766,7.75,9.0,81.75,82.5,18.19617462158203,21.30921173095703,200.15792846679688
EVT-2022-193,B00261,25,2022-07-31,dry,11,7916.765375311121,21.66523389410471,70.02178651279903,21.25,22.0,69.5,70.5,-214.3315887451172,-276.4494323730469,-2357.6474609375
EVT-2022-194,B00252,25,2022-07-31,wet,10,7694.883261826927,6.574668402294102,81.07656713429145,6.25,6.75,80.75,81.75,36.993072509765625,66.9708251953125,369.93072509765625
EVT-2022-195,B00265,26,2022-08-31,wet,1732,1120916.4052669231,31.45971481338455,74.99946986913041,23.5,37.0,68.0,97.25,62.9490966796875,293.1766357421875,109027.8359375
EVT-2022-175,B00276,26,2022-08-31,dry,1061,729227.0267081916,26.887969448759858,92.882310015329,21.75,32.25,81.0,98.0,-115.52013397216797,-694.9863891601562,-122566.859375
EVT-2022-180,B00272,26,2022-08-31,wet,756,576073.1962035403,10.285317395555381,76.4976949761173,6.25,14.5,72.0,85.25,100.18682861328125,417.0098876953125,75741.2421875
EVT-2022-181,B00270,26,2022-08-31,wet,536,396279.9096731028,17.316733242624117,93.99545032727042,14.25,20.25,89.0,98.0,181.345703125,410.03955078125,97201.296875
EVT-2022-196,B00266,26,2022-08-31,wet,272,196796.1602151186,20.72456537550173,82.91063242249506,18.75,24.0,78.25,88.0,144.89041137695312,270.41876220703125,39410.19140625
EVT-2022-197,B00283,26,2022-08-31,dry,217,161130.87479542577,16.685255354792098,83.10485060609594,14.75,18.0,79.75,86.25,-95.56298828125,-218.3554229736328,-20737.16796875
EVT-2022-198,B00269,26,2022-08-31,wet,96,70033.72186391919,19.531850351276606,68.98033374903851,18.25,21.75,68.0,70.5,249.2823028564453,528.3841552734375,23931.1015625
EVT-2022-199,B00273,26,2022-08-31,wet,42,31732.69087949212,12.677903297907289,84.38919497176965,11.75,13.75,83.5,85.0,74.33262634277344,123.74398803710938,3121.970458984375
EVT-2022-183,B00274,26,2022-08-31,wet,32,24633.003207816702,6.323895613789807,83.72831362579497,6.0,6.75,82.25,84.75,38.034027099609375,48.96369934082031,1217.0888671875
EVT-2022-182,B00280,26,2022-08-31,dry,33,23031.41601484251,25.51064978974134,77.17868006590759,24.75,26.5,76.25,77.75,-97.5223617553711,-171.82037353515625,-3218.238037109375
EVT-2022-189,B00279,26,2022-08-31,dry,31,20899.204995087617,29.453620219809885,78.21287810918354,28.5,30.5,77.5,79.0,-73.69596099853516,-106.13981628417969,-2284.57470703125
EVT-2022-200,B00275,26,2022-08-31,dry,32,20713.18579097172,33.30114128692536,72.94031146906093,32.25,34.0,72.0,74.25,-91.90065002441406,-129.49371337890625,-2940.82080078125
EVT-2022-201,B00281,26,2022-08-31,dry,23,16280.009670246693,23.96888362126224,88.0863280802894,23.0,24.75,87.25,88.5,-87.3484115600586,-107.73434448242188,-2009.0135498046875
EVT-2022-158,B00268,26,2022-08-31,wet,21,15213.022004411745,20.79822495580565,96.98034969733772,19.25,22.0,96.5,97.5,47.43785095214844,88.52056884765625,996.1948852539062
EVT-2022-202,B00277,26,2022-08-31,dry,20,13337.57195689217,30.53939480652301,97.47556500138795,29.5,31.5,96.75,98.0,-67.6704330444336,-102.48629760742188,-1353.40869140625
EVT-2022-164,B00282,26,2022-08-31,dry,15,10918.000954738043,20.0191871146267,72.68562151904099,19.5,20.5,72.25,73.0,-202.39703369140625,-266.84375,-3035.95556640625
EVT-2022-203,B00271,26,2022-08-31,wet,14,10366.289944693264,17.06865442489,76.01311639261395,16.75,17.5,75.25,77.0,37.61857986450195,57.366668701171875,526.6600952148438
EVT-2022-191,B00278,26,2022-08-31,dry,11,7349.201890773654,30.379741645529105,76.3836781563218,30.0,31.0,76.0,76.75,-45.22114944458008,-60.523193359375,-497.4326477050781
EVT-2022-176,B00267,26,2022-08-31,wet,10,7109.415794740162,23.370853132376826,77.1187291102803,23.25,23.5,76.5,77.75,107.89949035644531,119.94732666015625,1078.994873046875
EVT-2022-204,B00304,27,2022-09-30,dry,2314,1759816.9540996826,10.960819718668333,88.75557391682365,6.0,19.75,75.0,98.0,-77.90345764160156,-193.91802978515625,-180268.59375
EVT-2022-205,B00285,27,2022-09-30,wet,746,482993.4394610661,32.94870241353411,81.69997756754705,29.75,36.5,75.25,89.5,31.680967330932617,175.96145629882812,23634.001953125
EVT-2022-206,B00305,27,2022-09-30,dry,103,76007.80028329164,17.732175535804522,76.77831951417157,15.75,19.5,75.0,78.25,-77.23954010009766,-115.93614196777344,-7955.6728515625
EVT-2022-207,B00286,27,2022-09-30,wet,97,65545.44407223833,29.119704745238373,79.97786865881204,28.25,30.5,77.75,82.25,98.46453857421875,222.26296997070312,9551.060546875
EVT-2022-176,B00291,27,2022-09-30,wet,81,56648.38696458685,25.281279695788214,78.48268001703366,23.5,27.0,77.25,79.5,75.52210998535156,125.53866577148438,6117.291015625
EVT-2022-189,B00300,27,2022-09-30,dry,80,54301.43769560216,28.813579170479557,73.87104792172289,26.75,31.5,72.75,74.75,-45.54243087768555,-58.42145919799805,-3643.39453125
EVT-2022-208,B00287,27,2022-09-30,wet,59,39865.29097041369,29.18686734394699,96.28370197240037,27.75,30.5,95.0,97.75,86.63063049316406,215.79986572265625,5111.20703125
EVT-2022-209,B00288,27,2022-09-30,wet,42,28323.100020563408,29.511950486480814,90.3099522432841,28.5,30.0,88.75,92.0,48.860931396484375,76.74742126464844,2052.1591796875
EVT-2022-164,B00302,27,2022-09-30,dry,34,24330.527670345964,22.456097489148775,68.6355000182197,21.75,23.5,68.0,69.25,-173.95120239257812,-253.00904846191406,-5914.3408203125
EVT-2022-210,B00306,27,2022-09-30,dry,28,21418.39636232904,9.064974115189,76.24003852492774,8.25,10.0,75.5,77.0,-98.8030014038086,-140.44003295898438,-2766.484130859375
EVT-2022-181,B00296,27,2022-09-30,wet,25,18248.130737905805,19.46863642121668,97.51675715799821,18.75,20.25,96.75,98.0,65.02620697021484,104.32832336425781,1625.6551513671875
EVT-2022-211,B00298,27,2022-09-30,wet,23,17707.664841747413,6.224271329148617,69.88736704881956,6.0,6.75,68.75,70.75,55.3390998840332,71.53048706054688,1272.79931640625
EVT-2022-212,B00284,27,2022-09-30,wet,28,17539.486595277496,36.033722055638044,85.67106230383749,35.25,37.0,84.75,87.0,17.170299530029297,20.326139450073242,480.76837158203125
EVT-2022-182,B00301,27,2022-09-30,dry,22,15468.209430268318,24.779196210818846,74.10816601834792,24.5,25.25,73.0,75.25,-90.91558074951172,-113.1461410522461,-2000.142822265625
EVT-2022-213,B00293,27,2022-09-30,wet,20,14109.30175469318,24.39129035121716,90.37389410436481,24.0,24.75,89.75,91.0,92.85232543945312,129.84689331054688,1857.0465087890625
EVT-2022-214,B00292,27,2022-09-30,wet,20,13899.880659415769,26.230747052014006,81.89104389684258,25.25,26.75,81.25,82.5,85.76141357421875,112.33244323730469,1715.228271484375
EVT-2022-215,B00297,27,2022-09-30,wet,18,13294.79913057503,17.528421039343087,86.52230264446138,17.25,18.0,85.75,87.5,136.24806213378906,192.8709716796875,2452.465087890625
EVT-2022-216,B00303,27,2022-09-30,dry,18,12907.721889571223,22.160654321658935,97.17450045252431,21.25,23.25,96.5,97.75,-50.536285400390625,-94.24131774902344,-909.6531372070312
EVT-2022-158,B00295,27,2022-09-30,wet,15,10692.421535413156,23.066091770435236,94.92335976220498,22.25,23.75,94.5,95.5,43.30866241455078,60.672149658203125,649.6299438476562
EVT-2022-217,B00289,27,2022-09-30,wet,15,10142.596067125403,29.028240834114836,94.29734377906568,28.25,29.75,93.75,94.75,114.92054748535156,259.79681396484375,1723.8082275390625
EVT-2022-195,B00290,27,2022-09-30,wet,11,7545.941442269112,27.61879593710999,75.77951941372014,27.25,28.0,75.5,76.0,70.55744171142578,107.65251159667969,776.1318969726562
EVT-2022-218,B00299,27,2022-09-30,dry,12,7446.891249399685,36.72423526696221,68.41520244944773,36.5,37.0,68.0,68.75,-2.1620194911956787,-2.844651460647583,-25.944232940673828
EVT-2022-219,B00294,27,2022-09-30,wet,10,7067.055235025823,24.143329102677196,93.06104762492684,23.5,24.75,92.75,93.25,83.66987609863281,134.61557006835938,836.69873046875
